,OBJECTNUMMER,Soortnaam_NL,Boomnummer,Soortnaam_WTS,Boomtype,Boomhoogte,Plantjaar,Eigenaar,Beheerder,Categorie,SOORT_KORT,SDVIEW,RADIUS,WKT_LNG_LAT,WKT_LAT_LNG,LNG,LAT,Unnamed: 17
13320,223321,Valse acacia,347179,Robinia pseudoacacia,Boom niet vrij uitgroeiend,15 tot 18 m.,1985,Gemeente Amsterdam,Stadsdeel Centrum,Robinia,Robinia,A,5,POINT(4.898957 52.368477),POINT(52.368477 4.898957),4.898957,52.368477,
13321,223322,Valse acacia,347178,Robinia pseudoacacia,Boom niet vrij uitgroeiend,12 tot 15 m.,2000,Gemeente Amsterdam,Stadsdeel Centrum,Robinia,Robinia,A,4,POINT(4.899824 52.369259),POINT(52.369259 4.899824),4.899824,52.369259,
13322,223323,Iep (cultuurvariëteit),347177,Ulmus `Dodoens`,Boom niet vrij uitgroeiend,6 tot 9 m.,2009,Gemeente Amsterdam,Stadsdeel Centrum,Ulmus,Ulmus,A,2,POINT(4.898309 52.369052),POINT(52.369052 4.898309),4.898309,52.369052,
13323,223324,Iep (cultuurvariëteit),347176,Ulmus `Dodoens`,Boom niet vrij uitgroeiend,9 tot 12 m.,2007,Gemeente Amsterdam,Stadsdeel Centrum,Ulmus,Ulmus,A,3,POINT(4.897736 52.370201),POINT(52.370201 4.897736),4.897736,52.370201,
13526,223527,Iep (cultuurvariëteit),347175,Ulmus `Dodoens`,Boom niet vrij uitgroeiend,9 tot 12 m.,2007,Gemeente Amsterdam,Stadsdeel Centrum,Ulmus,Ulmus,A,3,POINT(4.897389 52.369855),POINT(52.369855 4.897389),4.897389,52.369855,
13527,223528,Iep (cultuurvariëteit),347174,Ulmus `Dodoens`,Boom niet vrij uitgroeiend,9 tot 12 m.,2007,Gemeente Amsterdam,Stadsdeel Centrum,Ulmus,Ulmus,A,3,POINT(4.896798 52.369246),POINT(52.369246 4.896798),4.896798,52.369246,
13528,223529,Iep (cultuurvariëteit),347173,Ulmus `Dodoens`,Boom niet vrij uitgroeiend,9 tot 12 m.,2007,Gemeente Amsterdam,Stadsdeel Centrum,Ulmus,Ulmus,A,3,POINT(4.89669 52.369133),POINT(52.369133 4.89669),4.89669,52.369133,
13529,223530,Iep (cultuurvariëteit),347172,Ulmus `Dodoens`,Boom niet vrij uitgroeiend,9 tot 12 m.,2007,Gemeente Amsterdam,Stadsdeel Centrum,Ulmus,Ulmus,A,3,POINT(4.896484 52.368919),POINT(52.368919 4.896484),4.896484,52.368919,
13870,223871,Iep (cultuurvariëteit),348537,Ulmus `Rebona`,Boom niet vrij uitgroeiend,6 tot 9 m.,2016,Gemeente Amsterdam,Stadsdeel Centrum,Ulmus,Ulmus,A,2,POINT(4.898705 52.369472),POINT(52.369472 4.898705),4.898705,52.369472,
14007,224008,Iep (cultuurvariëteit),346196,Ulmus `Dodoens`,Boom niet vrij uitgroeiend,6 tot 9 m.,2006,Gemeente Amsterdam,Stadsdeel Centrum,Ulmus,Ulmus,A,2,POINT(4.899919 52.369226),POINT(52.369226 4.899919),4.899919,52.369226,
14169,224170,Hollandse iep (cultuurvariëteit),347348,Ulmus hollandica `Belgica`,Boom niet vrij uitgroeiend,6 tot 9 m.,2011,Gemeente Amsterdam,Stadsdeel Centrum,Ulmus,Ulmus,A,2,POINT(4.897134 52.36774),POINT(52.36774 4.897134),4.897134,52.36774,
14175,224176,Ruwe berk,347128,Betula pendula,Boom niet vrij uitgroeiend,9 tot 12 m.,2000,Gemeente Amsterdam,Stadsdeel Centrum,Betula,Betula,A,3,POINT(4.899251 52.370038),POINT(52.370038 4.899251),4.899251,52.370038,
14330,224331,Valse acacia,348272,Robinia pseudoacacia,Boom niet vrij uitgroeiend,9 tot 12 m.,0,Gemeente Amsterdam,Stadsdeel Centrum,Robinia,Robinia,A,3,POINT(4.8996 52.36905),POINT(52.36905 4.8996),4.8996,52.36905,
14538,224539,Iep (cultuurvariëteit),348259,Ulmus `New Horizon`,Boom niet vrij uitgroeiend,6 tot 9 m.,2014,Gemeente Amsterdam,Stadsdeel Centrum,Ulmus,Ulmus,A,2,POINT(4.896787 52.367698),POINT(52.367698 4.896787),4.896787,52.367698,
14539,224540,Iep (cultuurvariëteit),348258,Ulmus `New Horizon`,Boom niet vrij uitgroeiend,9 tot 12 m.,2014,Gemeente Amsterdam,Stadsdeel Centrum,Ulmus,Ulmus,A,3,POINT(4.898236 52.367698),POINT(52.367698 4.898236),4.898236,52.367698,
14540,224541,Iep (cultuurvariëteit),348257,Ulmus `Rebona`,Boom niet vrij uitgroeiend,9 tot 12 m.,2014,Gemeente Amsterdam,Stadsdeel Centrum,Ulmus,Ulmus,A,3,POINT(4.898368 52.367825),POINT(52.367825 4.898368),4.898368,52.367825,
14559,224560,Iep (cultuurvariëteit),348022,Ulmus `New Horizon`,Boom niet vrij uitgroeiend,6 tot 9 m.,2014,Gemeente Amsterdam,Stadsdeel Centrum,Ulmus,Ulmus,A,2,POINT(4.898117 52.370066),POINT(52.370066 4.898117),4.898117,52.370066,
14982,224983,Iep (cultuurvariëteit),348001,Ulmus `Lobel`,Boom niet vrij uitgroeiend,6 tot 9 m.,2014,Gemeente Amsterdam,Stadsdeel Centrum,Ulmus,Ulmus,A,2,POINT(4.897729 52.368156),POINT(52.368156 4.897729),4.897729,52.368156,
14983,224984,Iep (cultuurvariëteit),348000,Ulmus `Lobel`,Boom niet vrij uitgroeiend,9 tot 12 m.,2014,Gemeente Amsterdam,Stadsdeel Centrum,Ulmus,Ulmus,A,3,POINT(4.897742 52.368447),POINT(52.368447 4.897742),4.897742,52.368447,
14984,224985,Iep (cultuurvariëteit),347999,Ulmus `Lobel`,Boom niet vrij uitgroeiend,9 tot 12 m.,2014,Gemeente Amsterdam,Stadsdeel Centrum,Ulmus,Ulmus,A,3,POINT(4.897492 52.368173),POINT(52.368173 4.897492),4.897492,52.368173,
14992,224993,Iep (cultuurvariëteit),347991,Ulmus `Rebona`,Boom niet vrij uitgroeiend,6 tot 9 m.,2014,Gemeente Amsterdam,Stadsdeel Centrum,Ulmus,Ulmus,A,2,POINT(4.89928 52.367464),POINT(52.367464 4.89928),4.89928,52.367464,
15207,225208,Iep (cultuurvariëteit),347990,Ulmus `Rebona`,Boom niet vrij uitgroeiend,6 tot 9 m.,2014,Gemeente Amsterdam,Stadsdeel Centrum,Ulmus,Ulmus,A,2,POINT(4.900054 52.367159),POINT(52.367159 4.900054),4.900054,52.367159,
15683,225684,Reuzenkornoelje,347484,Cornus controversa,Boom niet vrij uitgroeiend,tot 6 m.,2012,Gemeente Amsterdam,Stadsdeel Centrum,Overig,Cornus,A,1,POINT(4.900344 52.369716),POINT(52.369716 4.900344),4.900344,52.369716,
16075,226076,Iep (cultuurvariëteit),348378,Ulmus `New Horizon`,Boom niet vrij uitgroeiend,6 tot 9 m.,2015,Gemeente Amsterdam,Stadsdeel Centrum,Ulmus,Ulmus,A,2,POINT(4.896142 52.367979),POINT(52.367979 4.896142),4.896142,52.367979,
23061,233062,Hollandse iep (cultuurvariëteit),341026,Ulmus hollandica `Belgica`,Boom niet vrij uitgroeiend,12 tot 15 m.,1940,Gemeente Amsterdam,Stadsdeel Centrum,Ulmus,Ulmus,A,4,POINT(4.8973 52.369757),POINT(52.369757 4.8973),4.8973,52.369757,
23326,233327,Huntingdon-iep,340776,Ulmus hollandica `Vegeta`,Boom niet vrij uitgroeiend,12 tot 15 m.,1960,Gemeente Amsterdam,Stadsdeel Centrum,Ulmus,Ulmus,A,4,POINT(4.899799 52.36726),POINT(52.36726 4.899799),4.899799,52.36726,
23327,233328,Huntingdon-iep,340775,Ulmus hollandica `Vegeta`,Boom niet vrij uitgroeiend,12 tot 15 m.,1960,Gemeente Amsterdam,Stadsdeel Centrum,Ulmus,Ulmus,A,4,POINT(4.899942 52.367204),POINT(52.367204 4.899942),4.899942,52.367204,
23564,233565,Hollandse linde (cultuurvariëteit),340763,Tilia europaea `Zwarte Linde`,Boom niet vrij uitgroeiend,12 tot 15 m.,1970,Gemeente Amsterdam,Stadsdeel Centrum,Tilia,Tilia,A,4,POINT(4.899106 52.367535),POINT(52.367535 4.899106),4.899106,52.367535,
23565,233566,Huntingdon-iep,340762,Ulmus hollandica `Vegeta`,Boom niet vrij uitgroeiend,12 tot 15 m.,1960,Gemeente Amsterdam,Stadsdeel Centrum,Ulmus,Ulmus,A,4,POINT(4.899423 52.367409),POINT(52.367409 4.899423),4.899423,52.367409,
23566,233567,Witte paardenkastanje,340761,Aesculus hippocastanum,Boom niet vrij uitgroeiend,9 tot 12 m.,1982,Gemeente Amsterdam,Stadsdeel Centrum,Aesculus,Aesculus,A,3,POINT(4.899566 52.367477),POINT(52.367477 4.899566),4.899566,52.367477,
23567,233568,Witte paardenkastanje,340760,Aesculus hippocastanum,Boom niet vrij uitgroeiend,9 tot 12 m.,1982,Gemeente Amsterdam,Stadsdeel Centrum,Aesculus,Aesculus,A,3,POINT(4.899679 52.367431),POINT(52.367431 4.899679),4.899679,52.367431,
24009,234010,Iep (cultuurvariëteit),340957,Ulmus `Dodoens`,Boom niet vrij uitgroeiend,12 tot 15 m.,1989,Gemeente Amsterdam,Stadsdeel Centrum,Ulmus,Ulmus,A,4,POINT(4.899655 52.368989),POINT(52.368989 4.899655),4.899655,52.368989,
24017,234018,Hollandse iep (cultuurvariëteit),340738,Ulmus hollandica `Belgica`,Boom niet vrij uitgroeiend,12 tot 15 m.,1940,Gemeente Amsterdam,Stadsdeel Centrum,Ulmus,Ulmus,A,4,POINT(4.896634 52.367691),POINT(52.367691 4.896634),4.896634,52.367691,
24018,234019,Hollandse iep (cultuurvariëteit),340737,Ulmus hollandica `Belgica`,Boom niet vrij uitgroeiend,9 tot 12 m.,1970,Gemeente Amsterdam,Stadsdeel Centrum,Ulmus,Ulmus,A,3,POINT(4.897436 52.367698),POINT(52.367698 4.897436),4.897436,52.367698,
24019,234020,Huntingdon-iep,340736,Ulmus hollandica `Vegeta`,Boom niet vrij uitgroeiend,9 tot 12 m.,1978,Gemeente Amsterdam,Stadsdeel Centrum,Ulmus,Ulmus,A,3,POINT(4.89887 52.367704),POINT(52.367704 4.89887),4.89887,52.367704,
24021,234022,Hollandse iep (cultuurvariëteit),340734,Ulmus hollandica `Belgica`,Boom niet vrij uitgroeiend,15 tot 18 m.,1940,Gemeente Amsterdam,Stadsdeel Centrum,Ulmus,Ulmus,A,5,POINT(4.896951 52.367712),POINT(52.367712 4.896951),4.896951,52.367712,
24023,234024,Huntingdon-iep,340731,Ulmus hollandica `Vegeta`,Boom niet vrij uitgroeiend,12 tot 15 m.,1970,Gemeente Amsterdam,Stadsdeel Centrum,Ulmus,Ulmus,A,4,POINT(4.898288 52.367753),POINT(52.367753 4.898288),4.898288,52.367753,
24235,234236,Iep (cultuurvariëteit),340954,Ulmus `Plantijn`,Boom niet vrij uitgroeiend,9 tot 12 m.,1985,Gemeente Amsterdam,Stadsdeel Centrum,Ulmus,Ulmus,A,3,POINT(4.898528 52.369026),POINT(52.369026 4.898528),4.898528,52.369026,
24239,234240,Huntingdon-iep,340950,Ulmus hollandica `Vegeta`,Boom niet vrij uitgroeiend,15 tot 18 m.,1960,Gemeente Amsterdam,Stadsdeel Centrum,Ulmus,Ulmus,A,5,POINT(4.899748 52.369072),POINT(52.369072 4.899748),4.899748,52.369072,
24246,234247,Huntingdon-iep,340943,Ulmus hollandica `Vegeta`,Boom niet vrij uitgroeiend,12 tot 15 m.,1960,Gemeente Amsterdam,Stadsdeel Centrum,Ulmus,Ulmus,A,4,POINT(4.898418 52.368908),POINT(52.368908 4.898418),4.898418,52.368908,
24248,234249,Huntingdon-iep,340941,Ulmus hollandica `Vegeta`,Boom niet vrij uitgroeiend,12 tot 15 m.,1950,Gemeente Amsterdam,Stadsdeel Centrum,Ulmus,Ulmus,A,4,POINT(4.899573 52.368918),POINT(52.368918 4.899573),4.899573,52.368918,
24250,234251,Huntingdon-iep,340728,Ulmus hollandica `Vegeta`,Boom niet vrij uitgroeiend,12 tot 15 m.,1970,Gemeente Amsterdam,Stadsdeel Centrum,Ulmus,Ulmus,A,4,POINT(4.898094 52.367639),POINT(52.367639 4.898094),4.898094,52.367639,
24251,234252,Huntingdon-iep,340727,Ulmus hollandica `Vegeta`,Boom niet vrij uitgroeiend,12 tot 15 m.,1970,Gemeente Amsterdam,Stadsdeel Centrum,Ulmus,Ulmus,A,4,POINT(4.897812 52.367663),POINT(52.367663 4.897812),4.897812,52.367663,
24252,234253,Huntingdon-iep,340726,Ulmus hollandica `Vegeta`,Boom niet vrij uitgroeiend,12 tot 15 m.,1955,Gemeente Amsterdam,Stadsdeel Centrum,Ulmus,Ulmus,A,4,POINT(4.896127 52.367658),POINT(52.367658 4.896127),4.896127,52.367658,
24253,234254,Huntingdon-iep,340725,Ulmus hollandica `Vegeta`,Boom niet vrij uitgroeiend,15 tot 18 m.,1955,Gemeente Amsterdam,Stadsdeel Centrum,Ulmus,Ulmus,A,5,POINT(4.896342 52.367671),POINT(52.367671 4.896342),4.896342,52.367671,
24463,234464,Hollandse iep (cultuurvariëteit),340940,Ulmus hollandica `Commelin`,Boom niet vrij uitgroeiend,12 tot 15 m.,1965,Gemeente Amsterdam,Stadsdeel Centrum,Ulmus,Ulmus,A,4,POINT(4.900324 52.368929),POINT(52.368929 4.900324),4.900324,52.368929,
24465,234466,Iep (cultuurvariëteit),340938,Ulmus `Dodoens`,Boom niet vrij uitgroeiend,9 tot 12 m.,1989,Gemeente Amsterdam,Stadsdeel Centrum,Ulmus,Ulmus,A,3,POINT(4.897055 52.369498),POINT(52.369498 4.897055),4.897055,52.369498,
24466,234467,Veldiep,340937,Ulmus minor,Boom niet vrij uitgroeiend,12 tot 15 m.,1960,Gemeente Amsterdam,Stadsdeel Centrum,Ulmus,Ulmus,A,4,POINT(4.897162 52.369613),POINT(52.369613 4.897162),4.897162,52.369613,
24467,234468,Iep (cultuurvariëteit),340936,Ulmus `Lobel`,Boom niet vrij uitgroeiend,12 tot 15 m.,1985,Gemeente Amsterdam,Stadsdeel Centrum,Ulmus,Ulmus,A,4,POINT(4.897509 52.369426),POINT(52.369426 4.897509),4.897509,52.369426,
24468,234469,Iep (cultuurvariëteit),340935,Ulmus `Lobel`,Boom niet vrij uitgroeiend,12 tot 15 m.,1985,Gemeente Amsterdam,Stadsdeel Centrum,Ulmus,Ulmus,A,4,POINT(4.897614 52.369536),POINT(52.369536 4.897614),4.897614,52.369536,
24469,234470,Iep (cultuurvariëteit),340934,Ulmus `Lobel`,Boom niet vrij uitgroeiend,9 tot 12 m.,1985,Gemeente Amsterdam,Stadsdeel Centrum,Ulmus,Ulmus,A,3,POINT(4.897678 52.369605),POINT(52.369605 4.897678),4.897678,52.369605,
24470,234471,Huntingdon-iep,340933,Ulmus hollandica `Vegeta`,Boom niet vrij uitgroeiend,12 tot 15 m.,1985,Gemeente Amsterdam,Stadsdeel Centrum,Ulmus,Ulmus,A,4,POINT(4.898807 52.369585),POINT(52.369585 4.898807),4.898807,52.369585,
24471,234472,Hollandse iep (cultuurvariëteit),340932,Ulmus hollandica `Belgica`,Boom niet vrij uitgroeiend,15 tot 18 m.,1940,Gemeente Amsterdam,Stadsdeel Centrum,Ulmus,Ulmus,A,5,POINT(4.898922 52.369448),POINT(52.369448 4.898922),4.898922,52.369448,
24472,234473,Huntingdon-iep,340931,Ulmus hollandica `Vegeta`,Boom niet vrij uitgroeiend,12 tot 15 m.,1975,Gemeente Amsterdam,Stadsdeel Centrum,Ulmus,Ulmus,A,4,POINT(4.899025 52.369559),POINT(52.369559 4.899025),4.899025,52.369559,
24473,234474,Huntingdon-iep,340930,Ulmus hollandica `Vegeta`,Boom niet vrij uitgroeiend,9 tot 12 m.,1975,Gemeente Amsterdam,Stadsdeel Centrum,Ulmus,Ulmus,A,3,POINT(4.89942 52.369616),POINT(52.369616 4.89942),4.89942,52.369616,
24474,234475,Huntingdon-iep,340929,Ulmus hollandica `Vegeta`,Boom niet vrij uitgroeiend,15 tot 18 m.,1960,Gemeente Amsterdam,Stadsdeel Centrum,Ulmus,Ulmus,A,5,POINT(4.899626 52.369576),POINT(52.369576 4.899626),4.899626,52.369576,
24475,234476,Iep (cultuurvariëteit),340928,Ulmus `Dodoens`,Boom niet vrij uitgroeiend,12 tot 15 m.,1989,Gemeente Amsterdam,Stadsdeel Centrum,Ulmus,Ulmus,A,4,POINT(4.899778 52.369509),POINT(52.369509 4.899778),4.899778,52.369509,
24476,234477,Huntingdon-iep,340927,Ulmus hollandica `Vegeta`,Boom niet vrij uitgroeiend,12 tot 15 m.,1975,Gemeente Amsterdam,Stadsdeel Centrum,Ulmus,Ulmus,A,4,POINT(4.899932 52.36944),POINT(52.36944 4.899932),4.899932,52.36944,
24478,234479,Huntingdon-iep,340712,Ulmus hollandica `Vegeta`,Boom niet vrij uitgroeiend,12 tot 15 m.,1960,Gemeente Amsterdam,Stadsdeel Centrum,Ulmus,Ulmus,A,4,POINT(4.899626 52.367328),POINT(52.367328 4.899626),4.899626,52.367328,
24479,234480,Huntingdon-iep,340711,Ulmus hollandica `Vegeta`,Boom niet vrij uitgroeiend,12 tot 15 m.,1978,Gemeente Amsterdam,Stadsdeel Centrum,Ulmus,Ulmus,A,4,POINT(4.899122 52.367928),POINT(52.367928 4.899122),4.899122,52.367928,
24480,234481,Hollandse iep (cultuurvariëteit),340710,Ulmus hollandica `Belgica`,Boom niet vrij uitgroeiend,18 tot 24 m.,1920,Gemeente Amsterdam,Stadsdeel Centrum,Ulmus,Ulmus,A,7,POINT(4.898487 52.367943),POINT(52.367943 4.898487),4.898487,52.367943,
24481,234482,Iep (cultuurvariëteit),340709,Ulmus `Plantijn`,Boom niet vrij uitgroeiend,9 tot 12 m.,1989,Gemeente Amsterdam,Stadsdeel Centrum,Ulmus,Ulmus,A,3,POINT(4.897559 52.367971),POINT(52.367971 4.897559),4.897559,52.367971,
24482,234483,Iep (cultuurvariëteit),340708,Ulmus `Plantijn`,Boom niet vrij uitgroeiend,12 tot 15 m.,1985,Gemeente Amsterdam,Stadsdeel Centrum,Ulmus,Ulmus,A,4,POINT(4.897352 52.368008),POINT(52.368008 4.897352),4.897352,52.368008,
24483,234484,Hollandse iep (cultuurvariëteit),340707,Ulmus hollandica `Belgica`,Boom niet vrij uitgroeiend,18 tot 24 m.,1920,Gemeente Amsterdam,Stadsdeel Centrum,Ulmus,Ulmus,A,7,POINT(4.898604 52.368057),POINT(52.368057 4.898604),4.898604,52.368057,
24484,234485,Iep (cultuurvariëteit),340706,Ulmus `Plantijn`,Boom niet vrij uitgroeiend,9 tot 12 m.,1989,Gemeente Amsterdam,Stadsdeel Centrum,Ulmus,Ulmus,A,3,POINT(4.897642 52.368064),POINT(52.368064 4.897642),4.897642,52.368064,
24485,234486,Huntingdon-iep,340705,Ulmus hollandica `Vegeta`,Boom niet vrij uitgroeiend,12 tot 15 m.,1960,Gemeente Amsterdam,Stadsdeel Centrum,Ulmus,Ulmus,A,4,POINT(4.896242 52.368089),POINT(52.368089 4.896242),4.896242,52.368089,
24486,234487,Iep (cultuurvariëteit),340704,Ulmus `Plantijn`,Boom niet vrij uitgroeiend,12 tot 15 m.,1985,Gemeente Amsterdam,Stadsdeel Centrum,Ulmus,Ulmus,A,4,POINT(4.897439 52.368111),POINT(52.368111 4.897439),4.897439,52.368111,
24487,234488,Hollandse iep (cultuurvariëteit),340703,Ulmus hollandica `Commelin`,Boom niet vrij uitgroeiend,12 tot 15 m.,1965,Gemeente Amsterdam,Stadsdeel Centrum,Ulmus,Ulmus,A,4,POINT(4.899482 52.368156),POINT(52.368156 4.899482),4.899482,52.368156,
24488,234489,Huntingdon-iep,340702,Ulmus hollandica `Vegeta`,Boom niet vrij uitgroeiend,12 tot 15 m.,1960,Gemeente Amsterdam,Stadsdeel Centrum,Ulmus,Ulmus,A,4,POINT(4.896306 52.368161),POINT(52.368161 4.896306),4.896306,52.368161,
24688,234689,Huntingdon-iep,340926,Ulmus hollandica `Vegeta`,Boom niet vrij uitgroeiend,12 tot 15 m.,1975,Gemeente Amsterdam,Stadsdeel Centrum,Ulmus,Ulmus,A,4,POINT(4.899939 52.369601),POINT(52.369601 4.899939),4.899939,52.369601,
24689,234690,Huntingdon-iep,340925,Ulmus hollandica `Vegeta`,Boom niet vrij uitgroeiend,15 tot 18 m.,1960,Gemeente Amsterdam,Stadsdeel Centrum,Ulmus,Ulmus,A,5,POINT(4.900059 52.369536),POINT(52.369536 4.900059),4.900059,52.369536,
24694,234695,Iep (cultuurvariëteit),340920,Ulmus `Dodoens`,Boom niet vrij uitgroeiend,12 tot 15 m.,1985,Gemeente Amsterdam,Stadsdeel Centrum,Ulmus,Ulmus,A,4,POINT(4.898821 52.369342),POINT(52.369342 4.898821),4.898821,52.369342,
24697,234698,Iep (cultuurvariëteit),340917,Ulmus `Plantijn`,Boom niet vrij uitgroeiend,12 tot 15 m.,1985,Gemeente Amsterdam,Stadsdeel Centrum,Ulmus,Ulmus,A,4,POINT(4.89861 52.369372),POINT(52.369372 4.89861),4.89861,52.369372,
24699,234700,Iep (cultuurvariëteit),340915,Ulmus `Lobel`,Boom niet vrij uitgroeiend,12 tot 15 m.,1985,Gemeente Amsterdam,Stadsdeel Centrum,Ulmus,Ulmus,A,4,POINT(4.897458 52.369376),POINT(52.369376 4.897458),4.897458,52.369376,
24701,234702,Huntingdon-iep,340913,Ulmus hollandica `Vegeta`,Boom niet vrij uitgroeiend,15 tot 18 m.,1955,Gemeente Amsterdam,Stadsdeel Centrum,Ulmus,Ulmus,A,5,POINT(4.896933 52.369382),POINT(52.369382 4.896933),4.896933,52.369382,
24702,234703,Huntingdon-iep,340701,Ulmus hollandica `Vegeta`,Boom niet vrij uitgroeiend,15 tot 18 m.,1960,Gemeente Amsterdam,Stadsdeel Centrum,Ulmus,Ulmus,A,5,POINT(4.896371 52.368232),POINT(52.368232 4.896371),4.896371,52.368232,
24703,234704,Huntingdon-iep,340700,Ulmus hollandica `Vegeta`,Boom niet vrij uitgroeiend,12 tot 15 m.,1970,Gemeente Amsterdam,Stadsdeel Centrum,Ulmus,Ulmus,A,4,POINT(4.898839 52.368244),POINT(52.368244 4.898839),4.898839,52.368244,
24704,234705,Hollandse iep (cultuurvariëteit),340699,Ulmus hollandica `Commelin`,Boom niet vrij uitgroeiend,15 tot 18 m.,1965,Gemeente Amsterdam,Stadsdeel Centrum,Ulmus,Ulmus,A,5,POINT(4.899607 52.368271),POINT(52.368271 4.899607),4.899607,52.368271,
24706,234707,Hollandse iep (cultuurvariëteit),340697,Ulmus hollandica `Belgica`,Boom niet vrij uitgroeiend,9 tot 12 m.,1978,Gemeente Amsterdam,Stadsdeel Centrum,Ulmus,Ulmus,A,3,POINT(4.898994 52.367814),POINT(52.367814 4.898994),4.898994,52.367814,
24707,234708,Iep (cultuurvariëteit),340696,Ulmus `Plantijn`,Boom niet vrij uitgroeiend,9 tot 12 m.,1989,Gemeente Amsterdam,Stadsdeel Centrum,Ulmus,Ulmus,A,3,POINT(4.897457 52.367872),POINT(52.367872 4.897457),4.897457,52.367872,
24708,234709,Iep (cultuurvariëteit),340695,Ulmus `Plantijn`,Boom niet vrij uitgroeiend,12 tot 15 m.,1985,Gemeente Amsterdam,Stadsdeel Centrum,Ulmus,Ulmus,A,4,POINT(4.897239 52.367879),POINT(52.367879 4.897239),4.897239,52.367879,
24915,234916,Iep (cultuurvariëteit),340912,Ulmus `Dodoens`,Boom niet vrij uitgroeiend,9 tot 12 m.,1989,Gemeente Amsterdam,Stadsdeel Centrum,Ulmus,Ulmus,A,3,POINT(4.896801 52.368669),POINT(52.368669 4.896801),4.896801,52.368669,
24916,234917,Iep (cultuurvariëteit),340911,Ulmus `Plantijn`,Boom niet vrij uitgroeiend,15 tot 18 m.,1985,Gemeente Amsterdam,Stadsdeel Centrum,Ulmus,Ulmus,A,5,POINT(4.897845 52.368557),POINT(52.368557 4.897845),4.897845,52.368557,
24917,234918,Huntingdon-iep,340910,Ulmus hollandica `Vegeta`,Boom niet vrij uitgroeiend,15 tot 18 m.,1970,Gemeente Amsterdam,Stadsdeel Centrum,Ulmus,Ulmus,A,5,POINT(4.897945 52.368663),POINT(52.368663 4.897945),4.897945,52.368663,
24918,234919,Iep (cultuurvariëteit),340909,Ulmus `Dodoens`,Boom niet vrij uitgroeiend,9 tot 12 m.,1985,Gemeente Amsterdam,Stadsdeel Centrum,Ulmus,Ulmus,A,3,POINT(4.898071 52.368533),POINT(52.368533 4.898071),4.898071,52.368533,
24919,234920,Hollandse iep (cultuurvariëteit),340908,Ulmus hollandica `Belgica`,Boom niet vrij uitgroeiend,12 tot 15 m.,1950,Gemeente Amsterdam,Stadsdeel Centrum,Ulmus,Ulmus,A,4,POINT(4.898177 52.368646),POINT(52.368646 4.898177),4.898177,52.368646,
24920,234921,Huntingdon-iep,340907,Ulmus hollandica `Vegeta`,Boom niet vrij uitgroeiend,12 tot 15 m.,1960,Gemeente Amsterdam,Stadsdeel Centrum,Ulmus,Ulmus,A,4,POINT(4.898237 52.368709),POINT(52.368709 4.898237),4.898237,52.368709,
24921,234922,Huntingdon-iep,340906,Ulmus hollandica `Vegeta`,Boom niet vrij uitgroeiend,12 tot 15 m.,1970,Gemeente Amsterdam,Stadsdeel Centrum,Ulmus,Ulmus,A,4,POINT(4.89913 52.368515),POINT(52.368515 4.89913),4.89913,52.368515,
24922,234923,Hollandse iep (cultuurvariëteit),340905,Ulmus hollandica `Belgica`,Boom niet vrij uitgroeiend,12 tot 15 m.,1940,Gemeente Amsterdam,Stadsdeel Centrum,Ulmus,Ulmus,A,4,POINT(4.899232 52.368608),POINT(52.368608 4.899232),4.899232,52.368608,
24923,234924,Iep (cultuurvariëteit),340904,Ulmus `Plantijn`,Boom niet vrij uitgroeiend,12 tot 15 m.,1989,Gemeente Amsterdam,Stadsdeel Centrum,Ulmus,Ulmus,A,4,POINT(4.899306 52.368673),POINT(52.368673 4.899306),4.899306,52.368673,
24924,234925,Huntingdon-iep,340903,Ulmus hollandica `Vegeta`,Boom niet vrij uitgroeiend,15 tot 18 m.,1965,Gemeente Amsterdam,Stadsdeel Centrum,Ulmus,Ulmus,A,5,POINT(4.899972 52.368603),POINT(52.368603 4.899972),4.899972,52.368603,
24981,234982,Hollandse linde (cultuurvariëteit),339777,Tilia europaea `Zwarte Linde`,Boom niet vrij uitgroeiend,12 tot 15 m.,1985,Gemeente Amsterdam,Stadsdeel Centrum,Tilia,Tilia,A,4,POINT(4.899445 52.37016),POINT(52.37016 4.899445),4.899445,52.37016,
24982,234983,Huntingdon-iep,339776,Ulmus hollandica `Vegeta`,Boom niet vrij uitgroeiend,12 tot 15 m.,1980,Gemeente Amsterdam,Stadsdeel Centrum,Ulmus,Ulmus,A,4,POINT(4.898199 52.370155),POINT(52.370155 4.898199),4.898199,52.370155,
24984,234985,Gewone plataan,339774,Platanus hispanica,Leiboom,tot 6 m.,1992,Gemeente Amsterdam,Stadsdeel Centrum,Platanus,Platanus,A,1,POINT(4.900206 52.370177),POINT(52.370177 4.900206),4.900206,52.370177,
24986,234987,Valse acacia,339772,Robinia pseudoacacia,Boom niet vrij uitgroeiend,15 tot 18 m.,1970,Gemeente Amsterdam,Stadsdeel Centrum,Robinia,Robinia,A,5,POINT(4.899254 52.370195),POINT(52.370195 4.899254),4.899254,52.370195,
24987,234988,Gewone plataan,339771,Platanus hispanica,Leiboom,tot 6 m.,1992,Gemeente Amsterdam,Stadsdeel Centrum,Platanus,Platanus,A,1,POINT(4.900219 52.370209),POINT(52.370209 4.900219),4.900219,52.370209,
25150,235151,Hollandse iep (cultuurvariëteit),340894,Ulmus hollandica `Belgica`,Boom niet vrij uitgroeiend,12 tot 15 m.,1940,Gemeente Amsterdam,Stadsdeel Centrum,Ulmus,Ulmus,A,4,POINT(4.898721 52.369234),POINT(52.369234 4.898721),4.898721,52.369234,
25153,235154,Iep (cultuurvariëteit),340891,Ulmus `Lobel`,Boom niet vrij uitgroeiend,12 tot 15 m.,1985,Gemeente Amsterdam,Stadsdeel Centrum,Ulmus,Ulmus,A,4,POINT(4.897334 52.369241),POINT(52.369241 4.897334),4.897334,52.369241,
25155,235156,Iep (cultuurvariëteit),340889,Ulmus `Plantijn`,Boom niet vrij uitgroeiend,15 tot 18 m.,1985,Gemeente Amsterdam,Stadsdeel Centrum,Ulmus,Ulmus,A,5,POINT(4.898515 52.369271),POINT(52.369271 4.898515),4.898515,52.369271,
25158,235159,Huntingdon-iep,340886,Ulmus hollandica `Vegeta`,Boom niet vrij uitgroeiend,12 tot 15 m.,1960,Gemeente Amsterdam,Stadsdeel Centrum,Ulmus,Ulmus,A,4,POINT(4.900015 52.369311),POINT(52.369311 4.900015),4.900015,52.369311,
25159,235160,Iep (cultuurvariëteit),340885,Ulmus `Lobel`,Boom niet vrij uitgroeiend,12 tot 15 m.,1985,Gemeente Amsterdam,Stadsdeel Centrum,Ulmus,Ulmus,A,4,POINT(4.897216 52.369112),POINT(52.369112 4.897216),4.897216,52.369112,
25160,235161,Hollandse iep (cultuurvariëteit),340884,Ulmus hollandica `Belgica`,Boom niet vrij uitgroeiend,15 tot 18 m.,1940,Gemeente Amsterdam,Stadsdeel Centrum,Ulmus,Ulmus,A,5,POINT(4.898408 52.369153),POINT(52.369153 4.898408),4.898408,52.369153,
25211,235212,Gewone plataan,339759,Platanus hispanica,Leiboom,tot 6 m.,1992,Gemeente Amsterdam,Stadsdeel Centrum,Platanus,Platanus,A,1,POINT(4.899994 52.370095),POINT(52.370095 4.899994),4.899994,52.370095,
25212,235213,Gewone plataan,339758,Platanus hispanica,Leiboom,tot 6 m.,1992,Gemeente Amsterdam,Stadsdeel Centrum,Platanus,Platanus,A,1,POINT(4.900049 52.370098),POINT(52.370098 4.900049),4.900049,52.370098,
25214,235215,Gewone plataan,339756,Platanus hispanica,Leiboom,tot 6 m.,1992,Gemeente Amsterdam,Stadsdeel Centrum,Platanus,Platanus,A,1,POINT(4.899944 52.370101),POINT(52.370101 4.899944),4.899944,52.370101,
25216,235217,Hollandse iep (cultuurvariëteit),339754,Ulmus hollandica `Belgica`,Boom niet vrij uitgroeiend,15 tot 18 m.,1950,Gemeente Amsterdam,Stadsdeel Centrum,Ulmus,Ulmus,A,5,POINT(4.897634 52.370094),POINT(52.370094 4.897634),4.897634,52.370094,
25217,235218,Gewone plataan,339753,Platanus hispanica,Leiboom,tot 6 m.,1992,Gemeente Amsterdam,Stadsdeel Centrum,Platanus,Platanus,A,1,POINT(4.900098 52.370108),POINT(52.370108 4.900098),4.900098,52.370108,
25218,235219,Gewone plataan,339752,Platanus hispanica,Leiboom,tot 6 m.,1992,Gemeente Amsterdam,Stadsdeel Centrum,Platanus,Platanus,A,1,POINT(4.900142 52.370125),POINT(52.370125 4.900142),4.900142,52.370125,
25367,235368,Hollandse iep (cultuurvariëteit),340883,Ulmus hollandica `Belgica`,Boom niet vrij uitgroeiend,15 tot 18 m.,1940,Gemeente Amsterdam,Stadsdeel Centrum,Ulmus,Ulmus,A,5,POINT(4.898612 52.369117),POINT(52.369117 4.898612),4.898612,52.369117,
25368,235369,Valse acacia,340882,Robinia pseudoacacia,Boom niet vrij uitgroeiend,12 tot 15 m.,1985,Gemeente Amsterdam,Stadsdeel Centrum,Robinia,Robinia,A,4,POINT(4.899683 52.369123),POINT(52.369123 4.899683),4.899683,52.369123,
25426,235427,Gewone plataan,339749,Platanus hispanica,Leiboom,tot 6 m.,1992,Gemeente Amsterdam,Stadsdeel Centrum,Platanus,Platanus,A,1,POINT(4.900178 52.370148),POINT(52.370148 4.900178),4.900178,52.370148,
25434,235435,Iep (cultuurvariëteit),339741,Ulmus `Dodoens`,Boom niet vrij uitgroeiend,9 tot 12 m.,1989,Gemeente Amsterdam,Stadsdeel Centrum,Ulmus,Ulmus,A,3,POINT(4.898593 52.369905),POINT(52.369905 4.898593),4.898593,52.369905,
25435,235436,Huntingdon-iep,339740,Ulmus hollandica `Vegeta`,Boom niet vrij uitgroeiend,15 tot 18 m.,1970,Gemeente Amsterdam,Stadsdeel Centrum,Ulmus,Ulmus,A,5,POINT(4.898508 52.369919),POINT(52.369919 4.898508),4.898508,52.369919,
25576,235577,Hollandse iep (cultuurvariëteit),340868,Ulmus hollandica `Belgica`,Boom niet vrij uitgroeiend,12 tot 15 m.,1950,Gemeente Amsterdam,Stadsdeel Centrum,Ulmus,Ulmus,A,4,POINT(4.899435 52.368794),POINT(52.368794 4.899435),4.899435,52.368794,
25578,235579,Iep (cultuurvariëteit),340866,Ulmus `Lobel`,Boom niet vrij uitgroeiend,12 tot 15 m.,1985,Gemeente Amsterdam,Stadsdeel Centrum,Ulmus,Ulmus,A,4,POINT(4.896908 52.368788),POINT(52.368788 4.896908),4.896908,52.368788,
25580,235581,Huntingdon-iep,340864,Ulmus hollandica `Vegeta`,Boom niet vrij uitgroeiend,12 tot 15 m.,1960,Gemeente Amsterdam,Stadsdeel Centrum,Ulmus,Ulmus,A,4,POINT(4.898322 52.3688),POINT(52.3688 4.898322),4.898322,52.3688,
25581,235582,Huntingdon-iep,340863,Ulmus hollandica `Vegeta`,Boom niet vrij uitgroeiend,12 tot 15 m.,1965,Gemeente Amsterdam,Stadsdeel Centrum,Ulmus,Ulmus,A,4,POINT(4.900217 52.368832),POINT(52.368832 4.900217),4.900217,52.368832,
25584,235585,Huntingdon-iep,340860,Ulmus hollandica `Vegeta`,Boom niet vrij uitgroeiend,9 tot 12 m.,1978,Gemeente Amsterdam,Stadsdeel Centrum,Ulmus,Ulmus,A,3,POINT(4.896384 52.368825),POINT(52.368825 4.896384),4.896384,52.368825,
25585,235586,Huntingdon-iep,340859,Ulmus hollandica `Vegeta`,Boom niet vrij uitgroeiend,12 tot 15 m.,1950,Gemeente Amsterdam,Stadsdeel Centrum,Ulmus,Ulmus,A,4,POINT(4.899493 52.368846),POINT(52.368846 4.899493),4.899493,52.368846,
25586,235587,Huntingdon-iep,340858,Ulmus hollandica `Vegeta`,Boom niet vrij uitgroeiend,15 tot 18 m.,1955,Gemeente Amsterdam,Stadsdeel Centrum,Ulmus,Ulmus,A,5,POINT(4.896607 52.369049),POINT(52.369049 4.896607),4.896607,52.369049,
25587,235588,Iep (cultuurvariëteit),340857,Ulmus `Lobel`,Boom niet vrij uitgroeiend,12 tot 15 m.,1985,Gemeente Amsterdam,Stadsdeel Centrum,Ulmus,Ulmus,A,4,POINT(4.896977 52.368861),POINT(52.368861 4.896977),4.896977,52.368861,
25588,235589,Iep (cultuurvariëteit),340856,Ulmus `Lobel`,Boom niet vrij uitgroeiend,12 tot 15 m.,1985,Gemeente Amsterdam,Stadsdeel Centrum,Ulmus,Ulmus,A,4,POINT(4.897022 52.368909),POINT(52.368909 4.897022),4.897022,52.368909,
25783,235784,Iep (cultuurvariëteit),340855,Ulmus `Lobel`,Boom niet vrij uitgroeiend,12 tot 15 m.,1985,Gemeente Amsterdam,Stadsdeel Centrum,Ulmus,Ulmus,A,4,POINT(4.897144 52.369036),POINT(52.369036 4.897144),4.897144,52.369036,
25784,235785,Huntingdon-iep,340854,Ulmus hollandica `Vegeta`,Boom niet vrij uitgroeiend,15 tot 18 m.,1970,Gemeente Amsterdam,Stadsdeel Centrum,Ulmus,Ulmus,A,5,POINT(4.898126 52.368854),POINT(52.368854 4.898126),4.898126,52.368854,
25785,235786,Huntingdon-iep,340853,Ulmus hollandica `Vegeta`,Boom niet vrij uitgroeiend,15 tot 18 m.,1970,Gemeente Amsterdam,Stadsdeel Centrum,Ulmus,Ulmus,A,5,POINT(4.898196 52.36893),POINT(52.36893 4.898196),4.898196,52.36893,
25786,235787,Hollandse iep (cultuurvariëteit),340852,Ulmus hollandica `Commelin`,Boom niet vrij uitgroeiend,15 tot 18 m.,1965,Gemeente Amsterdam,Stadsdeel Centrum,Ulmus,Ulmus,A,5,POINT(4.900101 52.36872),POINT(52.36872 4.900101),4.900101,52.36872,
25789,235790,Huntingdon-iep,340848,Ulmus hollandica `Vegeta`,Boom niet vrij uitgroeiend,9 tot 12 m.,1985,Gemeente Amsterdam,Stadsdeel Centrum,Ulmus,Ulmus,A,3,POINT(4.896304 52.368741),POINT(52.368741 4.896304),4.896304,52.368741,
25795,235796,Iep (cultuurvariëteit),340842,Ulmus `Dodoens`,Boom niet vrij uitgroeiend,12 tot 15 m.,1989,Gemeente Amsterdam,Stadsdeel Centrum,Ulmus,Ulmus,A,4,POINT(4.897835 52.368277),POINT(52.368277 4.897835),4.897835,52.368277,
25978,235979,Huntingdon-iep,340841,Ulmus hollandica `Vegeta`,Boom niet vrij uitgroeiend,12 tot 15 m.,1970,Gemeente Amsterdam,Stadsdeel Centrum,Ulmus,Ulmus,A,4,POINT(4.898944 52.368348),POINT(52.368348 4.898944),4.898944,52.368348,
25980,235981,Huntingdon-iep,340839,Ulmus hollandica `Vegeta`,Boom niet vrij uitgroeiend,12 tot 15 m.,1965,Gemeente Amsterdam,Stadsdeel Centrum,Ulmus,Ulmus,A,4,POINT(4.899723 52.36838),POINT(52.36838 4.899723),4.899723,52.36838,
25981,235982,Huntingdon-iep,340838,Ulmus hollandica `Vegeta`,Boom niet vrij uitgroeiend,12 tot 15 m.,1970,Gemeente Amsterdam,Stadsdeel Centrum,Ulmus,Ulmus,A,4,POINT(4.899037 52.368428),POINT(52.368428 4.899037),4.899037,52.368428,
25982,235983,Huntingdon-iep,340837,Ulmus hollandica `Vegeta`,Boom niet vrij uitgroeiend,12 tot 15 m.,1980,Gemeente Amsterdam,Stadsdeel Centrum,Ulmus,Ulmus,A,4,POINT(4.896566 52.368419),POINT(52.368419 4.896566),4.896566,52.368419,
25983,235984,Huntingdon-iep,340836,Ulmus hollandica `Vegeta`,Boom niet vrij uitgroeiend,12 tot 15 m.,1980,Gemeente Amsterdam,Stadsdeel Centrum,Ulmus,Ulmus,A,4,POINT(4.897977 52.368431),POINT(52.368431 4.897977),4.897977,52.368431,
25984,235985,Huntingdon-iep,340835,Ulmus hollandica `Vegeta`,Boom niet vrij uitgroeiend,12 tot 15 m.,1965,Gemeente Amsterdam,Stadsdeel Centrum,Ulmus,Ulmus,A,4,POINT(4.899845 52.368494),POINT(52.368494 4.899845),4.899845,52.368494,
25987,235988,Hollandse iep (cultuurvariëteit),340832,Ulmus hollandica `Belgica`,Boom niet vrij uitgroeiend,18 tot 24 m.,1940,Gemeente Amsterdam,Stadsdeel Centrum,Ulmus,Ulmus,A,7,POINT(4.896143 52.368576),POINT(52.368576 4.896143),4.896143,52.368576,
25988,235989,Hollandse iep (cultuurvariëteit),340831,Ulmus hollandica `Belgica`,Boom niet vrij uitgroeiend,15 tot 18 m.,1940,Gemeente Amsterdam,Stadsdeel Centrum,Ulmus,Ulmus,A,5,POINT(4.896227 52.368663),POINT(52.368663 4.896227),4.896227,52.368663,
25989,235990,Iep (cultuurvariëteit),340830,Ulmus `Dodoens`,Boom niet vrij uitgroeiend,9 tot 12 m.,1989,Gemeente Amsterdam,Stadsdeel Centrum,Ulmus,Ulmus,A,3,POINT(4.896666 52.368527),POINT(52.368527 4.896666),4.896666,52.368527,
26179,236180,Iep (cultuurvariëteit),341052,Ulmus `Dodoens`,Boom niet vrij uitgroeiend,12 tot 15 m.,1996,Gemeente Amsterdam,Stadsdeel Centrum,Ulmus,Ulmus,A,4,POINT(4.89852 52.369778),POINT(52.369778 4.89852),4.89852,52.369778,
26180,236181,Iep (cultuurvariëteit),341051,Ulmus `Lobel`,Boom niet vrij uitgroeiend,12 tot 15 m.,1985,Gemeente Amsterdam,Stadsdeel Centrum,Ulmus,Ulmus,A,4,POINT(4.897843 52.369778),POINT(52.369778 4.897843),4.897843,52.369778,
26181,236182,Huntingdon-iep,341050,Ulmus hollandica `Vegeta`,Boom niet vrij uitgroeiend,12 tot 15 m.,1965,Gemeente Amsterdam,Stadsdeel Centrum,Ulmus,Ulmus,A,4,POINT(4.899245 52.369789),POINT(52.369789 4.899245),4.899245,52.369789,
26182,236183,Callery-peer (cultuurvariëteit),341048,Pyrus calleryana `Chanticleer`,Boom niet vrij uitgroeiend,12 tot 15 m.,1985,Gemeente Amsterdam,Stadsdeel Centrum,Overig,Pyrus,A,4,POINT(4.900016 52.369807),POINT(52.369807 4.900016),4.900016,52.369807,
26184,236185,Hollandse iep (cultuurvariëteit),341046,Ulmus hollandica `Belgica`,Boom niet vrij uitgroeiend,15 tot 18 m.,1950,Gemeente Amsterdam,Stadsdeel Centrum,Ulmus,Ulmus,A,5,POINT(4.898324 52.369813),POINT(52.369813 4.898324),4.898324,52.369813,
26185,236186,Iep (cultuurvariëteit),341045,Ulmus `Plantijn`,Boom niet vrij uitgroeiend,9 tot 12 m.,1989,Gemeente Amsterdam,Stadsdeel Centrum,Ulmus,Ulmus,A,3,POINT(4.899069 52.369816),POINT(52.369816 4.899069),4.899069,52.369816,
26187,236188,Hollandse iep (cultuurvariëteit),341042,Ulmus hollandica `Belgica`,Boom niet vrij uitgroeiend,18 tot 24 m.,1920,Gemeente Amsterdam,Stadsdeel Centrum,Ulmus,Ulmus,A,7,POINT(4.898851 52.369857),POINT(52.369857 4.898851),4.898851,52.369857,
26188,236189,Hollandse iep (cultuurvariëteit),341041,Ulmus hollandica `Belgica`,Boom niet vrij uitgroeiend,18 tot 24 m.,1920,Gemeente Amsterdam,Stadsdeel Centrum,Ulmus,Ulmus,A,7,POINT(4.899834 52.36966),POINT(52.36966 4.899834),4.899834,52.36966,
26394,236395,Huntingdon-iep,341040,Ulmus hollandica `Vegeta`,Boom niet vrij uitgroeiend,12 tot 15 m.,1975,Gemeente Amsterdam,Stadsdeel Centrum,Ulmus,Ulmus,A,4,POINT(4.899219 52.369658),POINT(52.369658 4.899219),4.899219,52.369658,
26397,236398,Iep (cultuurvariëteit),341037,Ulmus `Lobel`,Boom niet vrij uitgroeiend,12 tot 15 m.,1985,Gemeente Amsterdam,Stadsdeel Centrum,Ulmus,Ulmus,A,4,POINT(4.897746 52.369675),POINT(52.369675 4.897746),4.897746,52.369675,
26398,236399,Iep (cultuurvariëteit),341036,Ulmus `Lobel`,Boom niet vrij uitgroeiend,9 tot 12 m.,2003,Gemeente Amsterdam,Stadsdeel Centrum,Ulmus,Ulmus,A,3,POINT(4.897233 52.369683),POINT(52.369683 4.897233),4.897233,52.369683,
26400,236401,Hollandse iep (cultuurvariëteit),341034,Ulmus hollandica `Belgica`,Boom niet vrij uitgroeiend,18 tot 24 m.,1930,Gemeente Amsterdam,Stadsdeel Centrum,Ulmus,Ulmus,A,7,POINT(4.899659 52.369711),POINT(52.369711 4.899659),4.899659,52.369711,
26401,236402,Iep (cultuurvariëteit),341033,Ulmus `Dodoens`,Boom niet vrij uitgroeiend,6 tot 9 m.,2002,Gemeente Amsterdam,Stadsdeel Centrum,Ulmus,Ulmus,A,2,POINT(4.898872 52.369712),POINT(52.369712 4.898872),4.898872,52.369712,
26403,236404,Iep (cultuurvariëteit),341031,Ulmus `Dodoens`,Boom niet vrij uitgroeiend,9 tot 12 m.,2000,Gemeente Amsterdam,Stadsdeel Centrum,Ulmus,Ulmus,A,3,POINT(4.899544 52.369732),POINT(52.369732 4.899544),4.899544,52.369732,
26405,236406,Hollandse iep (cultuurvariëteit),341028,Ulmus hollandica `Belgica`,Boom niet vrij uitgroeiend,18 tot 24 m.,1930,Gemeente Amsterdam,Stadsdeel Centrum,Ulmus,Ulmus,A,7,POINT(4.899437 52.369752),POINT(52.369752 4.899437),4.899437,52.369752,
29686,239687,Iep (cultuurvariëteit),341753,Ulmus `New Horizon`,Boom niet vrij uitgroeiend,9 tot 12 m.,1992,Gemeente Amsterdam,Stadsdeel Centrum,Ulmus,Ulmus,A,3,POINT(4.897561 52.370023),POINT(52.370023 4.897561),4.897561,52.370023,
29884,239885,Himalayaberk (cultuurvariëteit),341746,Betula utilis jacquemontii,Boom niet vrij uitgroeiend,6 tot 9 m.,1996,Gemeente Amsterdam,Stadsdeel Centrum,Betula,Betula,A,2,POINT(4.898821 52.368698),POINT(52.368698 4.898821),4.898821,52.368698,
29889,239890,Callery-peer (cultuurvariëteit),341741,Pyrus calleryana `Chanticleer`,Boom niet vrij uitgroeiend,12 tot 15 m.,1985,Gemeente Amsterdam,Stadsdeel Centrum,Overig,Pyrus,A,4,POINT(4.900108 52.369877),POINT(52.369877 4.900108),4.900108,52.369877,
48802,258803,Onbekend,0,Onbekend,,Onbekend,0,Gemeente Amsterdam,Stadsdeel Centrum,Onbekend,Onbekend,A,1,POINT(4.899962 52.370211),POINT(52.370211 4.899962),4.899962,52.370211,
46057,186058,Onbekend,0,Onbekend,,Onbekend,0,Gemeente Amsterdam,Stadsdeel Centrum,Onbekend,Onbekend,A,1,POINT(4.899844 52.369158),POINT(52.369158 4.899844),4.899844,52.369158,
47567,187568,Onbekend,0,Onbekend,,Onbekend,0,Gemeente Amsterdam,Stadsdeel Centrum,Onbekend,Onbekend,A,1,POINT(4.89801 52.368733),POINT(52.368733 4.89801),4.89801,52.368733,
